"0","     C.svd$v[,1:2]
"
"1","     "
"1","      [,1]"
"1","      [,2]"
"1","
 [1,]"
"1"," -0.155328"
"1"," -0.220032"
"1","
 [2,]"
"1","  0.096747"
"1"," -0.015478"
"1","
 [3,]"
"1"," -0.070474"
"1"," -0.139706"
"1","
 [4,]"
"1","  0.023036"
"1"," -0.247147"
"1","
 [5,]"
"1","  0.096729"
"1"," -0.015575"
"1","
 [6,]"
"1"," -0.031563"
"1","  0.112481"
"1","
 [7,]"
"1"," -0.030158"
"1","  0.223752"
"1","
 [8,]"
"1","  0.113010"
"1"," -0.100838"
"1","
 [9,]"
"1"," -0.293955"
"1","  0.236538"
"1","
[10,]"
"1","  0.213553"
"1","  0.039222"
"1","
[11,]"
"1","  0.059634"
"1"," -0.059799"
"1","
[12,]"
"1"," -0.568228"
"1","  0.205238"
"1","
[13,]"
"1","  0.222639"
"1","  0.086226"
"1","
[14,]"
"1"," -0.004539"
"1"," -0.331706"
"1","
[15,]"
"1","  0.290262"
"1","  0.159845"
"1","
[16,]"
"1"," -0.094826"
"1","  0.225852"
"1","
[17,]"
"1","  0.114030"
"1"," -0.066535"
"1","
[18,]"
"1"," -0.120450"
"1"," -0.001845"
"1","
[19,]"
"1","  0.038252"
"1","  0.065897"
"1","
[20,]"
"1"," -0.065540"
"1"," -0.392672"
"1","
[21,]"
"1"," -0.338805"
"1","  0.202358"
"1","
[22,]"
"1"," -0.005957"
"1"," -0.332418"
"1","
[23,]"
"1","  0.030567"
"1"," -0.145430"
"1","
[24,]"
"1","  0.052516"
"1","  0.125709"
"1","
[25,]"
"1","  0.428847"
"1","  0.386060"
"1","
"
"0","       AT.svd$v[,1:2]"
"1","     "
"1","      [,1]"
"1","      [,2]"
"1","
 [1,]"
"1"," -0.155328"
"1","  0.220032"
"1","
 [2,]"
"1","  0.096747"
"1","  0.015478"
"1","
 [3,]"
"1"," -0.070474"
"1","  0.139706"
"1","
 [4,]"
"1","  0.023036"
"1","  0.247147"
"1","
 [5,]"
"1","  0.096729"
"1","  0.015575"
"1","
 [6,]"
"1"," -0.031563"
"1"," -0.112481"
"1","
 [7,]"
"1"," -0.030158"
"1"," -0.223752"
"1","
 [8,]"
"1","  0.113010"
"1","  0.100838"
"1","
 [9,]"
"1"," -0.293955"
"1"," -0.236538"
"1","
[10,]"
"1","  0.213553"
"1"," -0.039222"
"1","
[11,]"
"1","  0.059634"
"1","  0.059799"
"1","
[12,]"
"1"," -0.568228"
"1"," -0.205238"
"1","
[13,]"
"1","  0.222639"
"1"," -0.086226"
"1","
[14,]"
"1"," -0.004539"
"1","  0.331706"
"1","
[15,]"
"1","  0.290262"
"1"," -0.159845"
"1","
[16,]"
"1"," -0.094826"
"1"," -0.225852"
"1","
[17,]"
"1","  0.114030"
"1","  0.066535"
"1","
[18,]"
"1"," -0.120450"
"1","  0.001845"
"1","
[19,]"
"1","  0.038252"
"1"," -0.065897"
"1","
[20,]"
"1"," -0.065540"
"1","  0.392672"
"1","
[21,]"
"1"," -0.338805"
"1"," -0.202358"
"1","
[22,]"
"1"," -0.005957"
"1","  0.332418"
"1","
[23,]"
"1","  0.030567"
"1","  0.145430"
"1","
[24,]"
"1","  0.052516"
"1"," -0.125709"
"1","
[25,]"
"1","  0.428847"
"1"," -0.386060"
"1","
"
